Continent,Inequality in Education (2010),Inequality in Education (2011),Inequality in Education (2012),Inequality in Education (2013),Inequality in Education (2014),Inequality in Education (2015),Inequality in Education (2016),Inequality in Education (2017),Inequality in Education (2018),Inequality in Education (2019),Inequality in Education (2020),Inequality in Education (2021)
Africa,35.159142925,34.77868506025641,33.90299422261904,34.19057305222222,34.15930983844444,34.03690552404255,34.05978956659575,34.020684428723406,33.895281003125,33.32314465612245,33.31254730918368,33.31254730918368
America,17.64163645,16.74542239748276,16.011335281566666,15.7982289789,15.404738042933333,15.257398745966666,14.834303574551726,14.50783846051724,14.420303485233335,14.303988818566667,14.2948371519,14.2948371519
Asia,22.475216558763158,22.10734526025,21.39287568390244,20.14304103525,20.082342190636364,19.408631739818183,18.161363071152174,17.90438877295652,17.666354162434782,17.660934091630434,17.588286265543477,17.588286265543477
Europe,6.19086232109375,5.797982995647058,5.57329572125,5.428060832270271,6.348294756075,6.3660039324,6.2208344939749995,5.990549468975,5.662536825317073,5.624697313121951,5.331506581414634,5.331506581414634
Oceania,12.623021895285714,9.4202795625,9.418992526124999,8.665900307444444,8.654537206777778,6.913392845428571,8.697672540666666,8.355361343666667,8.540290685285713,8.011433099625,8.0298384797,8.0298384797
