Continent,Inequality in income (2010),Inequality in income (2011),Inequality in income (2012),Inequality in income (2013),Inequality in income (2014),Inequality in income (2015),Inequality in income (2016),Inequality in income (2017),Inequality in income (2018),Inequality in income (2019),Inequality in income (2020),Inequality in income (2021)
Africa,30.852983157894737,30.411028534210526,30.116781807777777,29.03842852255319,29.268111260833333,28.51658469191489,28.604964594166663,28.768552934791668,28.316604393125,28.569847518125002,28.06922226265306,28.06922226265306
America,32.51830027,32.385244990740745,32.41975865740741,32.31519399074074,31.584749212962965,31.233436842592592,31.03431172115385,30.595945644230767,31.034702953703704,30.882774546296293,30.77981158333333,30.77981158333333
Asia,20.517846773166664,20.051855306323528,19.193918268636363,19.55743545367647,18.706072154999998,18.645831012142857,19.404313663333333,19.67796116638889,19.602271444166668,19.482623110833334,19.291207833055555,19.291207833055555
Europe,14.718188508088234,15.453847405567567,15.445027586864866,15.569502509615385,15.99431253876923,15.948415102871795,15.956003051589745,15.268580500315789,14.914382217230768,14.792051917487179,14.292915507230768,14.292915507230768
Oceania,22.115325566666666,20.711817725,20.24718127,20.879673688333334,20.633668238000002,20.633668238000002,21.709255556,21.709255556,21.315857963333332,20.87658111142857,21.217031975555557,21.217031975555557
